N,tol,objective,cviolation,iters,sub_iters,runtime
32,0.0001,-4.6768787244213e-311,5.59496775952e-311,2,6,0.17476606369018555
32,1.0e-5,-4.812254022902856e-10,1.8090520669251818e-10,3,7,0.00026798248291015625
64,0.0001,0.0,0.0,2,6,0.0002849102020263672
64,1.0e-5,0.0,0.0,3,7,0.0002598762512207031
